[
  {
    "endpoint": "/voicevox",
    "timestamp": "Dec 31, 2023, 05:02:42 AM GMT+7"
  },
  {
    "endpoint": "/seaart2",
    "timestamp": "Dec 31, 2023, 04:42:39 AM GMT+7"
  },
  {
    "endpoint": "/seaart",
    "timestamp": "Dec 31, 2023, 04:30:39 AM GMT+7"
  },
  {
    "endpoint": "/simisimi2",
    "timestamp": "Dec 30, 2023, 05:56:25 PM GMT+7"
  },
  {
    "endpoint": "/spotifysearch",
    "timestamp": "Dec 30, 2023, 05:55:09 PM GMT+7"
  },
  {
    "endpoint": "/steamdetail",
    "timestamp": "Dec 30, 2023, 05:55:09 PM GMT+7"
  },
  {
    "endpoint": "/steam",
    "timestamp": "Dec 30, 2023, 05:55:09 PM GMT+7"
  },
  {
    "endpoint": "/lirik",
    "timestamp": "Dec 30, 2023, 05:55:09 PM GMT+7"
  },
  {
    "endpoint": "/kodepos",
    "timestamp": "Dec 30, 2023, 05:55:09 PM GMT+7"
  },
  {
    "endpoint": "/jadwalbola",
    "timestamp": "Dec 30, 2023, 05:55:09 PM GMT+7"
  },
  {
    "endpoint": "/bukalapak",
    "timestamp": "Dec 30, 2023, 05:55:09 PM GMT+7"
  },
  {
    "endpoint": "/playstore",
    "timestamp": "Dec 30, 2023, 05:55:09 PM GMT+7"
  },
  {
    "endpoint": "/wikimedia",
    "timestamp": "Dec 30, 2023, 05:55:09 PM GMT+7"
  },
  {
    "endpoint": "/pinterest",
    "timestamp": "Dec 30, 2023, 05:55:09 PM GMT+7"
  },
  {
    "endpoint": "/wallpaper",
    "timestamp": "Dec 30, 2023, 05:55:09 PM GMT+7"
  },
  {
    "endpoint": "/youtubesearch",
    "timestamp": "Dec 30, 2023, 05:55:09 PM GMT+7"
  },
  {
    "endpoint": "/carbon",
    "timestamp": "Dec 30, 2023, 05:55:09 PM GMT+7"
  },
  {
    "endpoint": "/ssweb",
    "timestamp": "Dec 30, 2023, 05:55:09 PM GMT+7"
  },
  {
    "endpoint": "/mediafire",
    "timestamp": "Dec 30, 2023, 05:55:09 PM GMT+7"
  },
  {
    "endpoint": "/twitter",
    "timestamp": "Dec 30, 2023, 05:55:09 PM GMT+7"
  },
  {
    "endpoint": "/spotify",
    "timestamp": "Dec 30, 2023, 05:55:09 PM GMT+7"
  },
  {
    "endpoint": "/instagram",
    "timestamp": "Dec 30, 2023, 05:55:09 PM GMT+7"
  },
  {
    "endpoint": "/facebook",
    "timestamp": "Dec 30, 2023, 05:55:09 PM GMT+7"
  },
  {
    "endpoint": "/tiktok",
    "timestamp": "Dec 30, 2023, 05:55:09 PM GMT+7"
  },
  {
    "endpoint": "/youtubevideo",
    "timestamp": "Dec 30, 2023, 05:55:09 PM GMT+7"
  },
  {
    "endpoint": "/youtubeaudio",
    "timestamp": "Dec 30, 2023, 05:55:09 PM GMT+7"
  },
  {
    "endpoint": "/shinigamilastupdate",
    "timestamp": "Dec 30, 2023, 05:55:09 PM GMT+7"
  },
  {
    "endpoint": "/shinigamiimage",
    "timestamp": "Dec 30, 2023, 05:55:09 PM GMT+7"
  },
  {
    "endpoint": "/shinigamidetail",
    "timestamp": "Dec 30, 2023, 05:55:09 PM GMT+7"
  },
  {
    "endpoint": "/shinigamisearch",
    "timestamp": "Dec 30, 2023, 05:55:09 PM GMT+7"
  },
  {
    "endpoint": "/asuralastupdate",
    "timestamp": "Dec 30, 2023, 05:55:09 PM GMT+7"
  },
  {
    "endpoint": "/asuraimage",
    "timestamp": "Dec 30, 2023, 05:55:09 PM GMT+7"
  },
  {
    "endpoint": "/asuradetail",
    "timestamp": "Dec 30, 2023, 05:55:09 PM GMT+7"
  },
  {
    "endpoint": "/asurasearch",
    "timestamp": "Dec 30, 2023, 05:55:09 PM GMT+7"
  },
  {
    "endpoint": "/flameimage",
    "timestamp": "Dec 30, 2023, 05:55:09 PM GMT+7"
  },
  {
    "endpoint": "/flamedetails",
    "timestamp": "Dec 30, 2023, 05:55:09 PM GMT+7"
  },
  {
    "endpoint": "/flamesearch",
    "timestamp": "Dec 30, 2023, 05:55:09 PM GMT+7"
  },
  {
    "endpoint": "/batotorandom",
    "timestamp": "Dec 30, 2023, 05:55:09 PM GMT+7"
  },
  {
    "endpoint": "/batotodetail",
    "timestamp": "Dec 30, 2023, 05:55:09 PM GMT+7"
  },
  {
    "endpoint": "/batotocomic",
    "timestamp": "Dec 30, 2023, 05:55:09 PM GMT+7"
  },
  {
    "endpoint": "/batotosearch",
    "timestamp": "Dec 30, 2023, 05:55:09 PM GMT+7"
  },
  {
    "endpoint": "/komikulastupdate",
    "timestamp": "Dec 30, 2023, 05:55:09 PM GMT+7"
  },
  {
    "endpoint": "/komikudetail",
    "timestamp": "Dec 30, 2023, 05:55:09 PM GMT+7"
  },
  {
    "endpoint": "/komikusearch",
    "timestamp": "Dec 30, 2023, 05:55:09 PM GMT+7"
  },
  {
    "endpoint": "/myanimelistmanga",
    "timestamp": "Dec 30, 2023, 05:55:09 PM GMT+7"
  },
  {
    "endpoint": "/mangatoons",
    "timestamp": "Dec 30, 2023, 05:55:09 PM GMT+7"
  },
  {
    "endpoint": "/otakudesulatest",
    "timestamp": "Dec 30, 2023, 05:55:09 PM GMT+7"
  },
  {
    "endpoint": "/otakudesudetail",
    "timestamp": "Dec 30, 2023, 05:55:09 PM GMT+7"
  },
  {
    "endpoint": "/otakudesusearch",
    "timestamp": "Dec 30, 2023, 05:55:09 PM GMT+7"
  },
  {
    "endpoint": "/kusonimelastupdate",
    "timestamp": "Dec 30, 2023, 05:55:09 PM GMT+7"
  },
  {
    "endpoint": "/myanimelistanime",
    "timestamp": "Dec 30, 2023, 05:55:09 PM GMT+7"
  },
  {
    "endpoint": "/toanime",
    "timestamp": "Dec 30, 2023, 05:55:09 PM GMT+7"
  },
  {
    "endpoint": "/characterai",
    "timestamp": "Dec 30, 2023, 05:55:09 PM GMT+7"
  },
  {
    "endpoint": "/bardimage",
    "timestamp": "Dec 30, 2023, 05:55:09 PM GMT+7"
  },
  {
    "endpoint": "/bardchat",
    "timestamp": "Dec 30, 2023, 05:55:09 PM GMT+7"
  },
  {
    "endpoint": "/bingimage",
    "timestamp": "Dec 30, 2023, 05:55:09 PM GMT+7"
  },
  {
    "endpoint": "/bingchat",
    "timestamp": "Dec 30, 2023, 05:55:09 PM GMT+7"
  },
  {
    "endpoint": "/chatgpt",
    "timestamp": "Dec 30, 2023, 05:55:09 PM GMT+7"
  },
  {
    "endpoint": "/simi",
    "timestamp": "Dec 30, 2023, 05:55:09 PM GMT+7"
  }
]